,question,answer,template_filename
0,7.png,zero_hop.json,Are there any texts?
1,7.png,zero_hop.json,Are there any texts?
2,7.png,zero_hop.json,Are there any texts?
3,7.png,zero_hop.json,Are there any texts?
4,7.png,zero_hop.json,Are there any texts?
5,7.png,zero_hop.json,Are there any texts?
6,7.png,zero_hop.json,Are there any texts?
7,7.png,zero_hop.json,Are there any texts?
8,7.png,zero_hop.json,Are there any texts?
9,7.png,zero_hop.json,Are there any texts?
10,7.png,zero_hop.json,Are there any texts?
11,7.png,zero_hop.json,Are there any texts?
12,7.png,zero_hop.json,Are there any texts?
13,7.png,zero_hop.json,Are there any texts?
14,7.png,zero_hop.json,Are there any texts?
15,7.png,zero_hop.json,Are there any texts?
16,7.png,zero_hop.json,Are there any texts?
17,7.png,zero_hop.json,Are there any texts?
18,7.png,zero_hop.json,Are there any texts?
19,7.png,zero_hop.json,Are there any texts?
20,7.png,zero_hop.json,Are there any texts?
21,7.png,zero_hop.json,Are there any texts?
22,7.png,zero_hop.json,Are there any texts?
23,7.png,zero_hop.json,Are there any texts?
24,7.png,zero_hop.json,Are there any texts?
25,7.png,zero_hop.json,Are there any texts?
26,7.png,zero_hop.json,Are there any texts?
27,7.png,zero_hop.json,Are there any texts?
28,7.png,zero_hop.json,Are there any texts?
29,7.png,zero_hop.json,Are there any texts?
30,7.png,zero_hop.json,Are there any texts?
31,7.png,zero_hop.json,Are there any texts?
32,7.png,zero_hop.json,Are there any texts?
33,7.png,zero_hop.json,Are there any texts?
34,7.png,zero_hop.json,Are there any texts?
35,7.png,zero_hop.json,Are there any texts?
36,7.png,zero_hop.json,Are there any texts?
37,7.png,zero_hop.json,Are there any texts?
38,7.png,zero_hop.json,Are there any texts?
39,7.png,zero_hop.json,Are there any texts?
40,7.png,zero_hop.json,Are there any texts?
41,7.png,zero_hop.json,Are there any texts?
42,7.png,zero_hop.json,Are there any texts?
43,7.png,zero_hop.json,Are there any texts?
44,7.png,zero_hop.json,Are there any texts?
45,7.png,zero_hop.json,Are there any texts?
46,7.png,zero_hop.json,Are there any texts?
47,7.png,zero_hop.json,Are there any texts?
48,7.png,zero_hop.json,Are there any texts?
49,7.png,zero_hop.json,Are there any texts?
50,7.png,zero_hop.json,Are there any texts?
51,7.png,zero_hop.json,Are there any texts?
52,7.png,zero_hop.json,Are there any texts?
53,7.png,zero_hop.json,Are there any texts?
54,7.png,zero_hop.json,Are there any texts?
55,7.png,zero_hop.json,Are there any texts?
56,7.png,zero_hop.json,Are there any texts?
57,7.png,zero_hop.json,Are there any texts?
58,7.png,zero_hop.json,Are there any texts?
59,7.png,zero_hop.json,Are there any texts?
60,7.png,zero_hop.json,Are there any texts?
61,7.png,zero_hop.json,Are there any texts?
62,7.png,zero_hop.json,Are there any texts?
63,7.png,zero_hop.json,Are there any texts?
64,7.png,zero_hop.json,Are there any texts?
65,7.png,zero_hop.json,Are there any texts?
66,7.png,zero_hop.json,Are there any texts?
67,7.png,zero_hop.json,Are there any texts?
68,7.png,zero_hop.json,Are there any texts?
69,7.png,zero_hop.json,Are there any texts?
70,7.png,zero_hop.json,Are there any texts?
71,7.png,zero_hop.json,Are there any texts?
72,7.png,zero_hop.json,Are there any texts?
73,7.png,zero_hop.json,Are there any texts?
74,7.png,zero_hop.json,Are there any texts?
75,7.png,zero_hop.json,Are there any texts?
76,7.png,zero_hop.json,Are there any texts?
77,7.png,zero_hop.json,Are there any texts?
78,7.png,zero_hop.json,Are there any texts?
79,7.png,zero_hop.json,Are there any texts?
80,7.png,zero_hop.json,Are there any texts?
81,7.png,zero_hop.json,Are there any texts?
82,7.png,zero_hop.json,Are there any texts?
83,7.png,zero_hop.json,Are there any texts?
84,7.png,zero_hop.json,Are there any texts?
85,7.png,zero_hop.json,Are there any texts?
86,7.png,zero_hop.json,Are there any texts?
87,7.png,zero_hop.json,Are there any texts?
88,7.png,zero_hop.json,Are there any texts?
89,7.png,zero_hop.json,Are there any texts?
90,7.png,zero_hop.json,Are there any texts?
91,7.png,zero_hop.json,Are there any texts?
92,7.png,zero_hop.json,Are there any texts?
93,7.png,zero_hop.json,Are there any texts?
94,7.png,zero_hop.json,Are there any texts?
95,7.png,zero_hop.json,Are there any texts?
96,7.png,zero_hop.json,Are there any texts?
97,7.png,zero_hop.json,Are there any texts?
98,7.png,zero_hop.json,Are there any texts?
99,7.png,zero_hop.json,Are there any texts?
100,7.png,zero_hop.json,Are there any texts?
101,7.png,zero_hop.json,Are there any texts?
102,7.png,zero_hop.json,Are there any texts?
103,7.png,zero_hop.json,Are there any texts?
104,7.png,zero_hop.json,Are there any texts?
105,7.png,zero_hop.json,Are there any texts?
106,7.png,zero_hop.json,Are there any texts?
107,7.png,zero_hop.json,Are there any texts?
108,7.png,zero_hop.json,Are there any texts?
109,7.png,zero_hop.json,Are there any texts?
110,7.png,zero_hop.json,Are there any texts?
111,7.png,zero_hop.json,Are there any texts?
